id;tipo_documento;num_docuemnto;primer_nombre;segundo_nombre;primer_apellido;segundo_apellido;fecha_nacimiento;genero
1;NIT;10848;en;Analista Canarias Senior;Optimización Futuro;Manzana Rioja;2020-07-01;MASCULINO
2;TI;72062;Bacon Sopa connect;alianza;Facilitador metrics;Amarillo invoice pixel;2020-07-01;MASCULINO
3;TI;18964;monitorizada Director;Metal;Salud Extremadura indexing;Marketing Ladrillo Guantes;2020-07-01;FEMENINO
4;NIT;76053;capacidad withdrawal;dinámica;sticky USB Borders;Seguro neural Montserrat;2020-07-01;FEMENINO
5;TI;41674;Bielorusia Gris Marroquinería;Card;Artesanal;back-end Lugar Plástico;2020-07-01;MASCULINO
6;CE;38616;Perseverando Algodón Zambian;Parafarmacia EXE de;Práctico RSS Extremadura;AGP payment;2020-07-01;FEMENINO
7;NIT;12837;trabajo innovative New;Islandia;redundant Programa;calculating Zloty;2020-07-01;FEMENINO
8;TI;15272;optical magnetic Guilder;invoice Credit Comodos;Loan Infraestructura;Práctico back-end;2020-07-01;MASCULINO
9;CE;44216;Relacciones Borders;Gerente port Adelante;Fantástico Account Francia;en;2020-07-01;MASCULINO
10;NIT;17145;virtual;Account Distrito;Cine Honduras;index Market;2020-07-01;MASCULINO
